{"cameraMode":{"drawMode":0,"name":"Shaded","section":"Shading Mode"},"sceneLighting":false,"audioPlay":false,"sceneViewState":{"showFog":true,"showMaterialUpdate":false,"showSkybox":true,"showFlares":true,"showImageEffects":true,"showParticleSystems":true},"in2DMode":false,"pivot":{"x":-0.14513349533081056,"y":2.048353910446167,"z":-0.008342951536178589},"rotation":{"x":-0.07911427319049835,"y":0.22559458017349244,"z":-0.018384264782071115,"w":-0.9708295464515686},"size":10.935887336730957,"orthographic":false}