{"cameraMode":{"drawMode":0,"name":"Shaded","section":"Shading Mode"},"sceneLighting":false,"audioPlay":false,"sceneViewState":{"showFog":true,"showMaterialUpdate":false,"showSkybox":true,"showFlares":true,"showImageEffects":true,"showParticleSystems":true},"in2DMode":false,"pivot":{"x":4.76837158203125e-7,"y":2.0,"z":0.0000025480985641479494},"rotation":{"x":0.12152955681085587,"y":-0.005125641357153654,"z":-0.036761410534381869,"w":0.9918936491012573},"size":34.88534927368164,"orthographic":false}