{"cameraMode":{"drawMode":0,"name":"Shaded","section":"Shading Mode"},"sceneLighting":true,"audioPlay":false,"sceneViewState":{"showFog":true,"showMaterialUpdate":false,"showSkybox":true,"showFlares":true,"showImageEffects":true,"showParticleSystems":true},"in2DMode":false,"pivot":{"x":3.102349042892456,"y":1.4208667278289796,"z":2.335763454437256},"rotation":{"x":-0.04330729320645332,"y":-0.5709866881370544,"z":0.03018336184322834,"w":-0.8192604780197144},"size":6.833543300628662,"orthographic":false}