{"cameraMode":{"drawMode":0,"name":"Shaded","section":"Shading Mode"},"sceneLighting":true,"audioPlay":false,"sceneViewState":{"showFog":true,"showMaterialUpdate":false,"showSkybox":true,"showFlares":true,"showImageEffects":true,"showParticleSystems":true},"in2DMode":false,"pivot":{"x":-2.359968662261963,"y":0.37337565422058108,"z":0.8334934115409851},"rotation":{"x":0.12900808453559876,"y":-0.6516664624214172,"z":0.1137063130736351,"w":0.7387912273406982},"size":7.043244361877441,"orthographic":false}