{"cameraMode":{"drawMode":0,"name":"Shaded","section":"Shading Mode"},"sceneLighting":true,"audioPlay":false,"sceneViewState":{"showFog":true,"showMaterialUpdate":false,"showSkybox":true,"showFlares":true,"showImageEffects":true,"showParticleSystems":true},"in2DMode":false,"pivot":{"x":1.9078197479248047,"y":-1.4883973598480225,"z":18.293481826782228},"rotation":{"x":-0.044457174837589267,"y":0.5392283797264099,"z":-0.028478577733039857,"w":-0.8405250310897827},"size":34.61714172363281,"orthographic":false}