{"cameraMode":{"drawMode":0,"name":"Shaded","section":"Shading Mode"},"sceneLighting":false,"audioPlay":false,"sceneViewState":{"showFog":true,"showMaterialUpdate":false,"showSkybox":true,"showFlares":true,"showImageEffects":true,"showParticleSystems":true},"in2DMode":false,"pivot":{"x":-1.4915701150894166,"y":0.9719374179840088,"z":0.35800212621688845},"rotation":{"x":0.06383148580789566,"y":-0.28254181146621706,"z":-0.01884233020246029,"w":-0.956965982913971},"size":0.8546103835105896,"orthographic":false}