{"cameraMode":{"drawMode":0,"name":"Shaded","section":"Shading Mode"},"sceneLighting":true,"audioPlay":false,"sceneViewState":{"showFog":true,"showMaterialUpdate":false,"showSkybox":true,"showFlares":true,"showImageEffects":true,"showParticleSystems":true},"in2DMode":false,"pivot":{"x":18.199993133544923,"y":0.722887396812439,"z":6.93962287902832},"rotation":{"x":-0.019611284136772157,"y":-0.8829604387283325,"z":-0.037131913006305698,"w":0.4677565097808838},"size":4.782690525054932,"orthographic":false}