{"cameraMode":{"drawMode":0,"name":"Shaded","section":"Shading Mode"},"sceneLighting":true,"audioPlay":false,"sceneViewState":{"showFog":true,"showMaterialUpdate":false,"showSkybox":true,"showFlares":true,"showImageEffects":true,"showParticleSystems":true},"in2DMode":false,"pivot":{"x":1.6827354431152344,"y":-0.01601266860961914,"z":6.362563133239746},"rotation":{"x":-0.20041556656360627,"y":-0.6542031764984131,"z":0.1859220713376999,"w":-0.7051911354064941},"size":4.868430137634277,"orthographic":false}