{"cameraMode":{"drawMode":0,"name":"Shaded","section":"Shading Mode"},"sceneLighting":false,"audioPlay":false,"sceneViewState":{"showFog":true,"showMaterialUpdate":false,"showSkybox":true,"showFlares":true,"showImageEffects":true,"showParticleSystems":true},"in2DMode":false,"pivot":{"x":0.04655146598815918,"y":0.015386104583740235,"z":0.01757243275642395},"rotation":{"x":-0.03695366159081459,"y":-0.17184729874134065,"z":-0.00635888334363699,"w":0.9845325350761414},"size":9.180391311645508,"orthographic":false}