{"cameraMode":{"drawMode":0,"name":"Shaded","section":"Shading Mode"},"sceneLighting":false,"audioPlay":false,"sceneViewState":{"showFog":true,"showMaterialUpdate":false,"showSkybox":true,"showFlares":true,"showImageEffects":true,"showParticleSystems":true},"in2DMode":false,"pivot":{"x":0.021408557891845704,"y":1.074971318244934,"z":0.0005441904067993164},"rotation":{"x":-0.08236090838909149,"y":0.8223995566368103,"z":-0.12328573316335678,"w":-0.5493109226226807},"size":6.525083541870117,"orthographic":false}