{"cameraMode":{"drawMode":0,"name":"Shaded","section":"Shading Mode"},"sceneLighting":false,"audioPlay":false,"sceneViewState":{"showFog":true,"showMaterialUpdate":false,"showSkybox":true,"showFlares":true,"showImageEffects":true,"showParticleSystems":true},"in2DMode":false,"pivot":{"x":1.4408851861953736,"y":1.4176779985427857,"z":-1.84663987159729},"rotation":{"x":0.04372035712003708,"y":-0.7269557118415833,"z":0.046545859426259997,"w":0.6837630271911621},"size":0.7150842547416687,"orthographic":false}