{"cameraMode":{"drawMode":0,"name":"Shaded","section":"Shading Mode"},"sceneLighting":false,"audioPlay":false,"sceneViewState":{"showFog":true,"showMaterialUpdate":false,"showSkybox":true,"showFlares":true,"showImageEffects":true,"showParticleSystems":true},"in2DMode":false,"pivot":{"x":-2.571000099182129,"y":0.6967707872390747,"z":0.0},"rotation":{"x":0.013061368837952614,"y":0.9869124889373779,"z":-0.11390149593353272,"w":0.113615982234478},"size":3.301950216293335,"orthographic":false}